feature,te_score,mi_score,p_value,weight
usdngn_ma5,0.17149018032304691,2.3006123199936526,0.0,1.35
usdngn_ma20,0.16679517745420375,2.273557014030121,0.0,1.3274210401173234
cpi,0.17571698366836566,1.8584945151661065,0.0,1.2981400326269426
mpr,0.15345601641207912,2.1101636347021135,0.0,1.249881185784115
rate_oil_ratio,0.1647197279135429,1.658132094029238,0.0,1.224053343350119
brent_oil,0.12022870945627616,1.8961161401319293,0.0,1.0865930454834083
usdngn_volatility,0.009014190605831255,0.11154129150938097,0.0,0.37475892676447753
mpr_change,0.011036969347200984,0.048258298781582276,0.0,0.3728898510796201
oil_return,0.00704256336284718,0.0014589680985279685,0.05,0.35
