,usdngn,brent_oil,mpr,cpi
2023-01-01,30.29754807772077,20.189258548721426,11.5,15.700516817649769
2023-01-02,37.870692791025235,22.108601909533846,11.5,15.777996355958058
2023-01-03,45.093811069205984,25.843280659612486,11.5,15.511887175046464
2023-01-04,52.3216015532518,29.47639120544557,11.5,15.895859093321544
2023-01-05,59.623367488276195,32.34702651470305,11.5,15.705473087924062
2023-01-06,66.74875336762469,34.81197610514296,11.5,15.905942857484126
2023-01-07,73.49019323713513,36.52618724007599,11.5,15.772390350688601
2023-01-08,80.12376535124719,38.11697977169709,11.5,15.950564515674838
2023-01-09,86.72458120799297,39.57347363113813,11.5,15.837799648304939
2023-01-10,93.32898381984415,41.81421106609087,11.5,15.60580835681225
2023-01-11,99.58589953836164,42.132881359562155,11.5,15.697490490437254
2023-01-12,105.2127314571022,44.343751127912554,11.5,15.98403753056676
2023-01-13,110.54280948950974,46.47923059682506,11.5,15.845783709644799
2023-01-14,115.6192539958208,47.50428414715546,11.5,15.739282119074597
2023-01-15,121.20778589653099,49.58316112101267,11.5,15.824454389621406
2023-01-16,126.74326611932426,51.53042281939731,11.5,15.63839874420778
2023-01-17,132.78859238375756,51.083739476025976,11.5,15.854431106504489
2023-01-18,139.6687582030482,52.16019725458851,11.5,15.80933756441166
2023-01-19,146.01070906125037,52.71128235544771,11.5,15.59557997908552
2023-01-20,150.51263778853797,51.75866945907259,11.5,15.981568128715265
2023-01-21,155.8696667398584,54.39429229483487,11.5,15.84421146201199
2023-01-22,161.11356204375707,56.054085572660696,11.5,15.903190980769907
2023-01-23,165.84157097143267,56.74838859768232,11.5,15.7219425697685
2023-01-24,170.88227602960816,60.17378105094129,11.5,15.511118282429422
2023-01-25,176.83863044909032,62.52719643894077,11.5,15.781169649082715
2023-01-26,181.71578660585024,64.7024556306966,11.5,16.02866007807914
2023-01-27,186.37432213590284,68.09126594546227,11.5,15.625577402605558
2023-01-28,190.2306785442225,69.17743809803248,11.5,15.872635714617182
2023-01-29,195.7711319908445,71.99097908224947,11.5,15.917195012252483
2023-01-30,199.11216735181918,74.02324668872446,11.5,15.91375559801477
2023-01-31,204.1459129103918,70.90718338956253,11.5,15.862866522237534
2023-02-01,209.3978341522836,70.88185801400262,11.5,15.779585667149629
2023-02-02,212.9443982021844,70.95754334912215,11.5,15.934983710726073
2023-02-03,217.98392563791606,69.157411526665,11.5,15.800352472255097
2023-02-04,222.38330238387894,68.53615362439726,11.5,15.74133841749631
2023-02-05,226.22955729808183,65.78158684783135,11.5,15.680342024413925
2023-02-06,229.2113976912778,64.96632361676058,11.5,16.009418624734465
2023-02-07,232.66290847582738,67.28497733762748,11.5,15.623074165125024
2023-02-08,236.2931918838775,67.43859194825592,11.5,15.80320078710273
2023-02-09,239.48850272916576,69.54834716732447,11.5,15.860174582917491
2023-02-10,240.8610350284735,69.02896442038474,11.5,15.833174925248004
2023-02-11,244.44441535078178,69.22872067367183,11.5,15.789128799889047
2023-02-12,246.6370243448802,71.5992606717872,11.5,15.96416674487343
2023-02-13,250.41312825536275,68.29234500145094,11.5,15.828140327028047
2023-02-14,253.31181329716696,71.08156675422771,11.5,15.639237534408155
2023-02-15,257.0492237505407,70.03228448458167,11.5,15.870578771232609
2023-02-16,260.2343128810007,68.58394853995294,11.5,15.946943537390416
2023-02-17,262.4892486907719,67.66685142188307,11.5,15.949666993039399
2023-02-18,265.59140399898286,71.48933433051582,11.5,15.792251743830596
2023-02-19,268.0944868250169,75.30505242753937,11.5,16.004277241437162
2023-02-20,269.7779299110168,78.29038954265278,11.5,15.830590039346717
2023-02-21,272.2532671794422,77.64469444409438,11.5,15.697549275492998
2023-02-22,275.21650345540706,81.22750042984399,11.5,15.871155242905362
2023-02-23,279.07561280253884,86.65797031005145,11.5,16.049505419235516
2023-02-24,283.3223772177797,89.91494541056971,11.5,15.778150334039156
2023-02-25,287.0950196477968,96.44079832120364,11.5,15.768504537884041
2023-02-26,289.0064576761079,103.4472704918103,11.5,15.80195057959608
2023-02-27,291.1038295272433,105.63395479434645,11.5,15.759212794425787
2023-02-28,294.3063353052306,107.35029329316684,11.5,15.7722131778415
2023-03-01,294.7258602623735,113.61376303712198,11.5,15.752951772396615
2023-03-02,296.9064926869965,118.8219746307118,11.5,15.820059068190941
2023-03-03,298.636123276768,118.40879579850278,11.5,15.804205851925122
2023-03-04,300.5987705465742,123.27946408997767,11.5,15.715359325517102
2023-03-05,302.66935654328,123.28594831967013,11.5,15.842986178041695
2023-03-06,303.03558510695234,123.67977879978505,11.5,15.651900338510522
2023-03-07,304.9952652361649,124.702974949997,11.5,15.891819088604647
2023-03-08,304.77845102814,122.09089889167922,11.5,15.783015066050645
2023-03-09,306.67687285809177,119.21379636845647,11.5,15.78786658752032
2023-03-10,308.59523303580323,116.88064452733347,11.5,15.723915150729935
2023-03-11,311.632728771622,113.3660887092089,11.5,16.016880922774757
2023-03-12,315.5450964789834,117.94089010336737,11.5,15.72070666547858
2023-03-13,317.96122986749253,114.70344707684465,11.5,15.79427706505829
2023-03-14,318.60787624466144,110.40024834731811,11.5,15.810790591616497
2023-03-15,317.7396942989187,111.1830589276584,11.5,15.728653761271584
2023-03-16,318.3190217480513,110.22892287185078,11.5,15.777158958562694
2023-03-17,319.3484729345884,115.31451592389527,11.5,15.872383287814307
2023-03-18,320.48462536418066,120.74802146976324,11.5,15.638478511187657
2023-03-19,322.14274788279675,119.1730393638781,11.5,15.76197830382252
2023-03-20,324.3203529717847,125.2694073259289,11.5,16.08137840143448
2023-03-21,324.34459364948685,128.99921781723486,11.5,15.662015904801313
2023-03-22,325.8113975436427,123.73263979387026,11.5,15.970497858096996
2023-03-23,328.5617119034987,123.87453919901108,11.5,15.971142931575805
2023-03-24,330.41328691241364,121.68943691520894,11.5,15.717885684545571
2023-03-25,331.9217688036564,118.67842267450884,11.5,16.02720098859382
2023-03-26,331.6565195607768,122.45388904756199,11.5,15.865076018884093
2023-03-27,333.2235067148819,126.6326766683587,11.5,15.707695689529194
2023-03-28,332.92285982860227,121.17685179813414,11.5,15.803654443226103
2023-03-29,334.4128495491413,119.38927291450138,11.5,15.794742371177351
2023-03-30,335.9359884355248,119.0274039538032,11.5,15.768885753814592
2023-03-31,336.98614033410104,120.81835144083134,11.5,15.703930892409463
2023-04-01,338.2619597184729,122.30951862208076,11.5,15.94343680001983
2023-04-02,339.830673383512,123.11074054211359,11.5,15.817010478162189
2023-04-03,343.0238969905471,122.4868512442681,11.5,15.647880535426555
2023-04-04,342.999447473444,118.84475407987655,11.5,15.73918495176579
2023-04-05,344.247404435398,118.09949097841591,11.5,15.938450879142666
2023-04-06,344.65767808976926,116.62448160710238,11.5,15.889566017412855
2023-04-07,346.64158728634254,117.32160244990735,11.5,15.659075005915323
2023-04-08,346.4419083682588,122.66491898156629,11.5,15.839660902996775
2023-04-09,346.6995955056742,126.384516210299,11.5,15.629543594482726
2023-04-10,350.5462206104775,120.33116715512008,11.5,16.03617526246059
2023-04-11,351.5661427630184,120.63653971935572,11.5,15.910293053402135
2023-04-12,354.2503975963845,129.478755474412,11.5,15.736476374726852
2023-04-13,356.46440727243015,127.37454933689935,11.5,15.717801723674766
2023-04-14,357.3054665843403,120.78185137541651,11.5,15.755570436511109
2023-04-15,359.7738126849735,117.42628151922655,11.5,15.619687235305989
2023-04-16,359.2852062985374,122.92497903745006,11.5,15.848327982454006
2023-04-17,361.3213539856357,126.80533297983298,11.5,15.810043532261359
2023-04-18,361.06269432694256,130.35422292376646,11.5,15.892875352425557
2023-04-19,361.82188824399924,129.03570144208823,11.5,15.67993195435921
2023-04-20,362.8814448071796,131.28240006507272,11.5,15.687598344359806
2023-04-21,363.44729707263053,131.94291549982535,11.5,15.847305333890684
2023-04-22,364.0217592738568,132.31505175509463,11.5,15.852536212595158
2023-04-23,367.77395885804447,126.77669919462618,11.5,16.047387822135594
2023-04-24,367.1328103408135,130.0460368825753,11.5,15.833128401680526
2023-04-25,365.23754445202104,127.18993707631591,11.5,15.820309179983088
2023-04-26,369.8751293849154,120.78424202021912,11.5,16.003481222641398
2023-04-27,372.845874249927,123.75100675176012,11.5,15.861972284883802
2023-04-28,372.86803314024075,125.28748734556812,11.5,15.937712335621766
2023-04-29,374.73676952080996,129.2570065104596,11.5,15.787452541279913
2023-04-30,372.44771654830373,135.2021188537689,11.5,15.661339487000797
2023-05-01,373.3996715126371,133.7445012542721,11.5,16.05517649005366
2023-05-02,374.68252208180894,128.5687273122557,11.5,15.647027231785598
2023-05-03,376.00377946211984,131.6560585406996,11.5,15.75894012464313
2023-05-04,377.9346377892813,126.0122820946493,11.5,15.633743757796374
2023-05-05,376.6708444989934,124.12589827257597,11.5,15.780460797500437
2023-05-06,377.44043070455615,128.17889121342435,11.5,15.80391924768346
2023-05-07,377.9336061407302,123.29596367635361,11.5,15.907325922173936
2023-05-08,380.0631831120542,120.02196248116051,11.5,15.875666505661071
2023-05-09,380.2423250848243,120.11950621938487,11.5,15.766983114995218
2023-05-10,381.63523185920474,127.25044011610827,11.5,15.822241208053905
2023-05-11,380.1324738079702,128.81878324809955,11.5,15.685770419129728
2023-05-12,382.75939381117354,132.03641739303134,11.5,15.820345465513133
2023-05-13,381.88370294224865,128.57768106529454,11.5,15.840578843523668
2023-05-14,383.8569907485532,134.05998084054653,11.5,15.907476320633466
2023-05-15,385.121233751854,129.435352465127,11.5,15.690004068356563
2023-05-16,387.2652840992862,124.50710407492717,11.5,15.793774734172588
2023-05-17,387.64362203297077,129.98260527092927,11.5,15.867995065478503
2023-05-18,385.10436138604155,120.60538992436479,11.5,15.8361250023132
2023-05-19,384.8550669169271,122.58872165933639,11.5,15.864098324467902
2023-05-20,385.26168318430956,125.03051251131149,11.5,15.765971661010218
2023-05-21,385.33552624391024,124.85803860392612,11.5,15.804909184189677
2023-05-22,387.47730420539006,120.68763468135538,11.5,16.040352678391365
2023-05-23,388.5404149184518,123.1408569743027,11.5,15.806669663346367
2023-05-24,389.27685218823376,130.2088608102826,11.5,15.836682657253313
2023-05-25,390.25380303481006,132.57865976709388,11.5,15.750782710681856
2023-05-26,390.68754790594386,121.36167895870898,11.5,15.66343850400144
2023-05-27,392.3776490545505,122.63218744980783,11.5,15.892266713112324
2023-05-28,395.6991730620541,124.87099156773833,11.5,15.736821078674199
2023-05-29,395.9889068599436,127.05264563826293,11.5,15.889029311508894
2023-05-30,396.494529699333,125.9688999237055,11.5,15.730617019386267
2023-05-31,398.4015789453919,123.93387642194541,11.5,15.838751231704505
2023-06-01,395.79443726154796,129.3135988473931,11.5,16.081157480237252
2023-06-02,396.04677505917357,120.94728862868489,11.5,15.689114595250613
2023-06-03,396.89179670336534,123.98990366446695,11.5,15.86296487118955
2023-06-04,395.6321143053758,122.467378684268,11.5,15.87455115435509
2023-06-05,396.23173119032367,120.68501046817067,11.5,15.813953650384468
2023-06-06,395.9564796974711,123.01573128833273,11.5,15.77366791823432
2023-06-07,395.1252378155954,116.02885384186327,11.5,15.676483012847614
2023-06-08,395.1164343921269,114.64227516760047,11.5,16.101930932286212
2023-06-09,395.39106584097203,113.17909819012226,11.5,15.62933578359053
2023-06-10,395.1904432653687,111.7284533252159,11.5,15.734709600679341
2023-06-11,395.174024211909,110.23688584964141,11.5,15.778353174509826
2023-06-12,394.1567463606523,112.22809295275013,11.5,15.909960248512206
2023-06-13,397.48785714235737,118.64591151486071,11.5,15.786060525197383
2023-06-14,391.2336206088255,119.36784474110549,11.5,15.831677332243318
2023-06-15,400.3479458405657,119.93601874205426,11.5,15.597104878063794
2023-06-16,413.61237951129664,116.1579517197613,11.5,15.762788742058728
2023-06-17,418.91535604125295,117.2797188354655,11.5,15.895949377001829
2023-06-18,449.3404842922334,122.43447788532383,11.5,15.688670435438938
2023-06-19,459.2423696719567,122.80237386548136,11.5,15.865300788038
2023-06-20,482.65372499983346,116.68258997462314,11.5,15.880628386972539
2023-06-21,482.05510112268337,116.9105321072658,11.5,15.893769160744808
2023-06-22,486.20184337561415,113.2300371514818,11.5,15.627136885568824
2023-06-23,493.14484931331896,113.33887008627721,11.5,15.742982011757954
2023-06-24,514.3998230178465,109.64864744846543,11.5,15.741288273334495
2023-06-25,531.6771206622761,115.73810482674286,11.5,15.712073437597276
2023-06-26,516.9194878787531,117.98769275908604,11.5,15.748519898470327
2023-06-27,525.8877600282865,117.57113947735209,11.5,15.864557726316818
2023-06-28,519.569574534906,115.44579486633559,11.5,15.718338975352355
2023-06-29,532.4792223517188,108.71435047480733,11.5,15.642363028911154
2023-06-30,546.1884189578158,106.53353355790937,11.5,15.997412092387588
2023-07-01,542.953592802322,103.30041795743323,18.75,15.87660337242531
2023-07-02,564.8165668656209,108.61956446234566,18.75,15.835071263473562
2023-07-03,577.9224716141839,110.87855520288723,18.75,15.793389344115399
2023-07-04,588.1360762808723,110.71974668933875,18.75,15.898561579560186
2023-07-05,608.2154063020802,109.57350922681651,18.75,15.685660042456997
2023-07-06,612.5911931499846,105.65586255103045,18.75,15.954126484669763
2023-07-07,617.8966364455649,104.32042114197807,18.75,15.793274009102472
2023-07-08,639.0949783274651,105.15826141705422,18.75,15.761081181205274
2023-07-09,620.6667721648037,101.42087411979206,18.75,15.857474855708288
2023-07-10,628.0296597095476,103.39518557169949,18.75,15.672497891127302
2023-07-11,651.5229360870726,103.2590451460166,18.75,15.698884317113878
2023-07-12,652.2500540442576,102.85139700605767,18.75,15.738789227081705
2023-07-13,641.6991381567038,99.91547883575923,18.75,15.63688423455572
2023-07-14,633.0649717148943,97.52168628221946,18.75,15.855680472900104
2023-07-15,652.1395507935915,98.11415979730954,18.75,15.796929118136937
2023-07-16,656.2299821557151,96.18038183386166,18.75,15.788205508280354
2023-07-17,676.0748858364809,99.47136311636771,18.75,15.778265697488582
2023-07-18,679.7814494312167,96.97749848353193,18.75,15.78502971016993
2023-07-19,665.6512665862809,92.46268070084565,18.75,15.832634523575488
2023-07-20,664.7823118103141,89.03266255413891,18.75,15.808155224923196
2023-07-21,655.646427376604,88.78008063387203,18.75,15.847024209687074
2023-07-22,618.355006507049,87.47781167309783,18.75,15.70416273506899
2023-07-23,638.3458607421882,88.06576496216921,18.75,15.981783402674004
2023-07-24,618.7503050031993,91.45421055262337,18.75,15.708121329791574
2023-07-25,597.9769918932525,92.30917307392295,18.75,15.550920501841597
2023-07-26,613.2587326518034,95.44201834059965,18.75,15.83464821252542
2023-07-27,621.1902657656545,93.79968630416418,18.75,15.919664607707276
2023-07-28,606.9641949706729,98.7213214439599,18.75,15.6222506143984
2023-07-29,595.868749402101,97.24975799077869,18.75,15.969989197129305
2023-07-30,575.2127372471401,99.66280365700636,18.75,15.749483123324898
2023-07-31,558.3732485039912,96.89338292463194,18.75,15.926034986812743
2023-08-01,556.1606335567271,94.21252305219446,18.75,25.690399905168857
2023-08-02,544.2574483067846,95.92462149063024,18.75,25.83089392069476
2023-08-03,549.7539743004395,97.27453847092922,18.75,25.8092968554081
2023-08-04,571.30588327844,98.23777771115493,18.75,25.619255893138888
2023-08-05,563.9535102804958,98.11098308448999,18.75,25.819624000358296
2023-08-06,573.7707788154262,98.44014187112685,18.75,25.674311857442476
2023-08-07,587.1703146957404,98.11692063869836,18.75,25.87008344262337
2023-08-08,582.2989734256307,95.30551519226505,18.75,25.801588386198826
2023-08-09,570.3164994390521,92.84036751851771,18.75,25.633450917770297
2023-08-10,584.7870734513733,93.21290231255894,18.75,25.934397345396146
2023-08-11,593.5595315358573,92.34181141498996,18.75,25.631867677974512
2023-08-12,594.4886123528191,94.59462234726283,18.75,25.68752797047083
2023-08-13,594.1847801868587,100.7818526430727,18.75,25.818548913107758
2023-08-14,566.9775311604883,98.96151250378001,18.75,25.838815697732993
2023-08-15,571.7439135589968,102.5586701198117,18.75,25.932437849261916
2023-08-16,624.3788600624789,103.4758442081847,18.75,25.98899331282167
2023-08-17,599.6007138416703,107.52723693686511,18.75,25.732165800997752
2023-08-18,588.934181019679,109.44207695808002,18.75,25.74563684419148
2023-08-19,561.5652725764185,115.12577420975052,18.75,25.808552949991256
2023-08-20,558.0687468944651,114.5802544024243,18.75,25.83279215578494
2023-08-21,572.7800045331174,114.691836075557,18.75,25.761826027288574
2023-08-22,576.9112960672544,113.51050366182324,18.75,25.677044614473804
2023-08-23,608.3294545520821,110.37883132857851,18.75,25.78144696972922
2023-08-24,597.7969164472129,107.60986441547874,18.75,25.798347399591357
2023-08-25,625.7359599371225,110.76552994041408,18.75,25.97142313002217
2023-08-26,636.3821163580706,112.37876787048704,18.75,25.674668593177056
2023-08-27,632.306330076661,113.72805078055892,18.75,25.806741722058444
2023-08-28,626.6474873104349,116.14095337048377,18.75,25.7603178477845
2023-08-29,647.5305959522252,119.29034747553486,18.75,25.938326353716622
2023-08-30,642.4621140993758,118.01456371269693,18.75,25.798909014375422
2023-08-31,654.9383850641723,117.25754653313811,18.75,25.886758312569956
2023-09-01,681.5932035373556,114.62773729039891,18.75,25.854043634217945
2023-09-02,671.1617090582495,117.73020210082336,18.75,25.870783061521877
2023-09-03,686.0277037479053,115.01434266055392,18.75,25.770887868712062
2023-09-04,707.3670955950752,120.60347752254938,18.75,25.782921818328887
2023-09-05,697.6066142680453,119.92076020111348,18.75,25.837983928605432
2023-09-06,717.4345550589921,119.49159309859758,18.75,25.36466143894973
2023-09-07,735.0105191455701,120.9660010539005,18.75,25.82745579866548
2023-09-08,770.6061830963891,119.38437892019918,18.75,25.961599171588293
2023-09-09,779.1717515219706,125.10893201578826,18.75,25.825875991447216
2023-09-10,763.354424750682,121.26082539516558,18.75,25.763835993965845
2023-09-11,759.7241035728919,120.54817627085345,18.75,25.87075835035838
2023-09-12,765.8950453216174,117.87138478888477,18.75,25.70997654775313
2023-09-13,726.154933699974,120.94631703614922,18.75,25.717592270643788
2023-09-14,720.29946149986,122.96166062925427,18.75,25.794897090657017
2023-09-15,693.6686874914116,130.6239117444749,18.75,25.846437075638974
2023-09-16,719.8654168003372,128.14437997225025,18.75,25.874692487150714
2023-09-17,698.2136988696359,128.0054739823322,18.75,25.850072292754163
2023-09-18,719.6991541007709,124.21623813357992,18.75,25.73023607070592
2023-09-19,733.8742599992526,124.64728715465411,18.75,25.72053097271618
2023-09-20,735.625420857115,121.22712945135935,18.75,25.91326184002365
2023-09-21,732.9208230404339,116.42576781272685,18.75,25.833370297460426
2023-09-22,722.4873986622655,118.90010122404084,18.75,25.71286824368916
2023-09-23,731.198044124547,120.29403943149548,18.75,25.689160255886158
2023-09-24,757.3941256105757,121.69760070488111,18.75,25.772186577299603
2023-09-25,769.9915998136382,125.58608120864285,18.75,25.855707770001356
2023-09-26,781.7000085200527,123.51065229813055,18.75,25.906059152125767
2023-09-27,823.834461382472,125.21385013646308,18.75,25.74680512067359
2023-09-28,792.6210477896637,125.75706706987128,18.75,25.763740906761186
2023-09-29,788.2587014554448,118.67772621565089,18.75,25.81587076322336
2023-09-30,825.5072123594506,121.34120214576721,18.75,25.796823003892488
2023-10-01,821.1856185529964,121.08368666746838,18.75,25.86209721174166
2023-10-02,827.8373501172877,111.92669446720525,18.75,25.90941086393328
2023-10-03,828.7337728478971,114.88480856844451,18.75,25.645032975211116
2023-10-04,805.2040798801902,116.34243878169546,18.75,25.78419937589126
2023-10-05,845.055634806397,111.69810044898239,18.75,25.91280562629812
2023-10-06,861.7035714996823,113.50462339688742,18.75,25.907534409447234
2023-10-07,858.7763420940533,110.0434955114299,18.75,25.72415418408435
2023-10-08,849.8790222779169,114.833124985314,18.75,25.648695919844435
2023-10-09,840.1854864740876,112.63332718859697,18.75,25.689493000836407
2023-10-10,844.6904042864246,112.35368001578802,18.75,25.783070019217806
2023-10-11,861.3196680906649,108.34173350085823,18.75,25.920363661214214
2023-10-12,864.2884846970618,108.67177378062853,18.75,25.85944410538111
2023-10-13,841.3383675527494,113.01606931914368,18.75,25.781474098159592
2023-10-14,837.4012553061583,110.17902450229244,18.75,25.831383798498926
2023-10-15,801.1002069997612,108.04310790912555,18.75,25.999144582552255
2023-10-16,781.5893841064183,105.75856140519373,18.75,25.76619978986713
2023-10-17,791.2038602976944,104.57126597485971,18.75,25.668309699906377
2023-10-18,805.3455248175278,99.7177487362459,18.75,25.765389546253168
2023-10-19,793.9943363509676,99.46632790952346,18.75,25.61103030496872
2023-10-20,811.2518078059641,102.3683619029153,18.75,25.899975608253676
2023-10-21,807.040777187665,104.30256465966038,18.75,25.94148270601333
2023-10-22,829.0172938781886,101.76524161595927,18.75,25.835186643986855
2023-10-23,824.4539901972386,102.89434295481077,18.75,25.80815615886095
2023-10-24,814.8252718802361,108.62957244876777,18.75,25.79515498606807
2023-10-25,795.733161281606,110.52556783171774,18.75,25.716463694059964
2023-10-26,783.5741712556403,106.6845698621199,18.75,25.895364176124243
2023-10-27,760.1312464738294,109.2096579639806,18.75,25.711694051733364
2023-10-28,740.7575802224901,106.59783761878386,18.75,25.728428451469217
2023-10-29,749.838872551725,106.89819907102907,18.75,25.890792749822456
2023-10-30,748.2419209700221,107.08485972585147,18.75,25.78203508579497
2023-10-31,772.6057356832566,108.8729423201133,18.75,25.986998742182994
2023-11-01,786.8262566439664,112.12724810294168,18.75,25.874030282527656
2023-11-02,793.2740553183787,109.12485759991104,18.75,25.915055179339475
2023-11-03,775.5741190732791,104.7630141829898,18.75,25.779911467611676
2023-11-04,773.6518395131656,107.16415619480219,18.75,25.71606915728901
2023-11-05,774.3452940035783,108.80030524747546,18.75,25.706508863663576
2023-11-06,770.643708305624,109.62019394529288,18.75,25.946537851042553
2023-11-07,784.2312112182713,111.86397023505798,18.75,26.031869637481353
2023-11-08,792.9542472381163,115.22849363877263,18.75,25.670267913401027
2023-11-09,775.7773445682099,113.13916603611659,18.75,25.62076235900896
2023-11-10,761.9445694850094,117.03388203840672,18.75,25.83146060750791
2023-11-11,732.9925759210893,119.59512231695373,18.75,25.84276788727437
2023-11-12,765.0109230927883,119.2137420067611,18.75,25.904523776602744
2023-11-13,771.1177884090555,117.58208961571471,18.75,25.817001515104977
2023-11-14,797.2627361782596,121.76248104212395,18.75,25.71113776012781
2023-11-15,794.020248131688,116.82087059044126,18.75,25.693086483361505
2023-11-16,810.8598490952579,115.4425624373953,18.75,25.699569653832672
2023-11-17,845.9937467502061,114.48468417744989,18.75,25.85890482284982
2023-11-18,822.873916999563,111.73401915468573,18.75,26.060198650187516
2023-11-19,808.4264652047608,108.25818743714872,18.75,25.828080644551743
2023-11-20,820.7914304763513,112.072958506972,18.75,25.934506325957003
2023-11-21,812.7854172277142,108.05282028093649,18.75,25.862438958704008
2023-11-22,798.5685449369821,109.4393255686566,18.75,25.78589293116038
2023-11-23,764.1207094870713,112.4889865392005,18.75,25.769553969590234
2023-11-24,749.3105005881068,111.82941300728513,18.75,25.6413094995717
2023-11-25,757.6233533873263,111.95100964362106,18.75,25.805127639049182
2023-11-26,763.1344717841025,109.32362436208614,18.75,25.704481037562807
2023-11-27,758.5948530699475,109.8540229004784,18.75,25.84625048739965
2023-11-28,769.4823078162563,103.490610615182,18.75,25.76291528804736
2023-11-29,768.5413627800729,108.36005166131207,18.75,25.674257965444397
2023-11-30,736.7612840777971,108.9657815629374,18.75,25.96936437975822
2023-12-01,727.0500466769254,108.26582506450484,18.75,25.765485849378706
2023-12-02,732.0499365780335,110.69612975484303,18.75,25.810528986700277
2023-12-03,700.1184166627065,115.89092063635958,18.75,25.81686817040203
2023-12-04,704.3956497420669,127.20774213724107,18.75,25.657079939476017
2023-12-05,693.4908711744134,131.7373889426232,18.75,25.84877003371755
2023-12-06,663.2523185574183,126.38066270299895,18.75,25.85891354446453
2023-12-07,652.5181670081283,131.42612673260808,18.75,25.757964125277333
2023-12-08,678.7409266397048,122.01412387393017,18.75,25.692936832771675
2023-12-09,696.9163840980992,125.48253510693485,18.75,25.9264844360866
2023-12-10,690.7239187859018,130.53866198379956,18.75,25.89925156817367
2023-12-11,681.463141264715,136.54235129063048,18.75,25.942651200409383
2023-12-12,677.3107071124248,136.06544355509556,18.75,25.708290241828973
2023-12-13,700.7972935797691,142.1601213064549,18.75,25.67302472711576
2023-12-14,691.9954370046623,146.82576145109294,18.75,25.779437771619378
2023-12-15,677.3961689339793,152.98615098203027,18.75,25.807780883398255
2023-12-16,666.0136243031099,144.02707849163508,18.75,25.77200143071481
2023-12-17,657.0715853155926,154.70441409260673,18.75,25.9071790308256
2023-12-18,670.807367313177,158.4540238895208,18.75,25.450558196132267
2023-12-19,674.157029356271,154.61954389789332,18.75,25.84097638796013
2023-12-20,663.8386341194782,154.35059476693385,18.75,25.797070602856913
2023-12-21,662.7833424980944,154.56258394486753,18.75,25.74675469020465
2023-12-22,656.5142033870528,149.59830723227464,18.75,25.908099558185413
2023-12-23,689.0047704327275,145.9913060782111,18.75,25.819008503528643
2023-12-24,714.125966711438,140.56373734687028,18.75,25.965269197737378
2023-12-25,701.7283954965253,145.13628634795563,18.75,25.80533239840635
2023-12-26,677.4906711162248,155.32730737821856,18.75,25.92490668431772
2023-12-27,653.7754315715193,155.70080232196483,18.75,25.72258613781852
2023-12-28,648.6696239726335,152.1750033773099,18.75,25.968379444037964
2023-12-29,652.5195080299405,146.34119717677328,18.75,25.736859477366167
2023-12-30,629.8350274620336,143.70980942593354,18.75,25.905203780126115
2023-12-31,627.0080290880569,143.25656358089228,18.75,26.1046702681386
2024-01-01,641.8505621217071,142.38407138944453,18.75,25.707521919114104
2024-01-02,635.1455440752219,141.0153626055439,18.75,25.44253084853675
2024-01-03,619.5891692179308,139.4420744905731,18.75,25.736690936721008
2024-01-04,628.078003211765,137.24032660239982,18.75,25.83886660518208
2024-01-05,635.1909044499519,134.18017989099113,18.75,25.846099114018667
2024-01-06,656.7380494075201,130.63588137359127,18.75,25.772131069231467
2024-01-07,666.8873429720296,129.1824995741291,18.75,25.731262774045323
2024-01-08,644.3097805264579,132.35941113169383,18.75,25.612483359864555
2024-01-09,670.3138923548895,131.27451788779027,18.75,25.55548897997052
2024-01-10,647.7731297820175,125.80174552003392,18.75,25.761469367702237
2024-01-11,671.5038951043942,126.13236863893495,18.75,25.61435376512977
2024-01-12,671.1193169318452,124.60682617003302,18.75,25.748540405148436
2024-01-13,648.1284466931279,127.13517257788648,18.75,25.84386832452161
2024-01-14,647.836229004083,127.08589751981218,18.75,25.791093281116368
2024-01-15,648.3332905868468,126.4826719825486,18.75,25.80398234451788
2024-01-16,663.8122413699172,121.87201772246742,18.75,25.571879266693404
2024-01-17,654.0154859666536,117.45751611185256,18.75,25.84475387659516
2024-01-18,676.734754748429,113.22193068367228,18.75,25.653097990835274
2024-01-19,667.9194501807898,113.52810656464862,18.75,25.86303836354069
2024-01-20,669.4280745626597,109.89669897308833,18.75,25.86981054844604
2024-01-21,649.3200216701877,107.53411193486035,18.75,25.76174252043787
2024-01-22,652.023627464084,105.4384976687349,18.75,25.85738454359656
2024-01-23,633.6146558970069,104.03456983587903,18.75,25.789492409988274
2024-01-24,634.4750045460651,103.48039978329228,18.75,25.845181813481847
2024-01-25,644.637831439637,102.2925524695668,18.75,25.57432916840067
2024-01-26,639.9659355111507,100.81160954551672,18.75,25.75783910438408
2024-01-27,641.0656829633327,99.9402847205735,18.75,25.73984966244069
2024-01-28,660.923670180529,99.10453781536273,18.75,25.845662316365374
2024-01-29,666.7317082464281,99.49018263292622,18.75,25.85325915000476
2024-01-30,682.9391303299275,96.5353328897513,18.75,25.688073745604118
2024-01-31,720.4146897511157,95.16730511763218,18.75,25.655297685034565
2024-02-01,721.4687201211781,93.25370491238442,22.75,25.85917535941824
2024-02-02,728.7655630582931,92.18119096910813,22.75,25.76324549407074
2024-02-03,734.4883948359108,91.11938464834603,22.75,25.875457392144956
2024-02-04,718.7630197177662,89.25356007006407,22.75,25.740270187143707
2024-02-05,670.5507783615615,88.02663731836277,22.75,25.769161611792143
2024-02-06,685.2488669530973,87.20902578637596,22.75,25.673377835337078
2024-02-07,683.136604957538,86.68967537253899,22.75,25.899067324868945
2024-02-08,673.0743107931331,87.05456836146809,22.75,25.63534595903349
2024-02-09,681.1742708501777,85.12088087275785,22.75,25.84228694384428
2024-02-10,716.8377433528559,82.62812862286653,22.75,25.867989796232212
2024-02-11,691.0680128985521,82.39481472575207,22.75,25.834416161673257
2024-02-12,700.273765040685,80.88087119481075,22.75,25.75597042886528
2024-02-13,687.8428042667626,80.03057724254184,22.75,25.739589141381458
2024-02-14,669.2865351538898,79.6597230360432,22.75,25.789796104492318
2024-02-15,665.9262818610537,82.53758881478495,22.75,25.784452891619964
2024-02-16,649.534903672655,83.12066648527284,22.75,25.82353716650857
2024-02-17,621.3288278452668,83.96503546424579,22.75,25.721209740717672
2024-02-18,627.4472483986801,86.69339678608848,22.75,25.815565050392586
2024-02-19,609.5894284359721,88.50620425376506,22.75,25.708861123742633
2024-02-20,618.3375415458975,89.1824059914751,22.75,25.925130561347224
2024-02-21,644.4924747583055,88.21186629991419,22.75,25.887291096688443
2024-02-22,658.2533785708792,88.38780312828382,22.75,25.811384464838582
2024-02-23,659.7575852888922,88.73800655325972,22.75,25.667765820662538
2024-02-24,670.7916196945558,88.01597419282129,22.75,25.983012819403687
2024-02-25,704.2571520804623,89.11439327481014,22.75,25.925985246255724
2024-02-26,729.5381168665483,86.32841773761673,22.75,25.78738241463021
2024-02-27,723.3193147434688,87.06301612197599,22.75,25.79116905627132
2024-02-28,716.5231562378564,86.16910981578604,22.75,25.8259800619077
2024-02-29,710.3793583696755,87.02651650620254,22.75,25.746059880655427
2024-03-01,732.1740833825618,85.40828236161194,22.75,25.72929507608624
2024-03-02,741.4370243889858,87.27726280486382,22.75,25.8043927815126
2024-03-03,752.6131599631235,86.36021328805454,22.75,25.79330182616567
2024-03-04,776.2800443876134,87.24777425850414,22.75,25.851393812601266
2024-03-05,784.9516934586354,88.98948002548501,22.75,25.9492329772204
2024-03-06,801.4688243498501,86.80345117948359,22.75,25.633991771775236
2024-03-07,824.0609275961995,88.27863994377091,22.75,25.698845306969105
2024-03-08,813.5086949933268,88.39104744281374,22.75,25.775816320971373
2024-03-09,848.91226861736,88.41231873034448,22.75,25.75130753609662
2024-03-10,847.2609475167387,87.79570747858507,22.75,25.889103985241466
2024-03-11,827.9185388674705,88.15428389553465,22.75,25.75299505329266
2024-03-12,802.1699270713949,88.65307885466237,22.75,25.669001644283988
2024-03-13,840.6797834181482,89.59032747547415,22.75,25.933646710595074
2024-03-14,851.0768913477661,89.67804277224172,22.75,25.840446272644094
2024-03-15,868.9730818690197,90.36805132890449,22.75,25.835824505773985
2024-03-16,880.7140908291163,89.18891489155322,22.75,25.809317983771667
2024-03-17,912.0893946910045,89.5245181930641,22.75,25.810830520246665
2024-03-18,957.422552181321,88.08770021542145,22.75,25.71280411339178
2024-03-19,1013.7139073451343,87.41919180972948,22.75,25.685189950398698
2024-03-20,1048.7916899305576,87.19323254160192,22.75,26.01763381641094
2024-03-21,1088.213059665701,86.48212020341636,22.75,25.74545379932844
2024-03-22,1123.5941252852308,84.56298597999054,22.75,25.809943683983693
2024-03-23,1139.4215082704245,83.09707895355479,22.75,25.777027835141585
2024-03-24,1140.6516832546833,83.62571660923649,22.75,25.748736117193353
2024-03-25,1143.062363610729,83.05435777265814,22.75,25.72970904571792
2024-03-26,1178.646020583432,82.41368427026197,22.75,25.8754327924144
2024-03-27,1210.6916830560954,80.69073222893789,22.75,25.886912981120272
2024-03-28,1212.8594890082243,79.88604848908723,22.75,25.899898608902944
2024-03-29,1194.084757643518,78.07139495470142,22.75,25.70319736111435
2024-03-30,1229.7449883074983,76.4577928324255,22.75,25.758679408283278
2024-03-31,1216.1954887735342,77.3734688691285,22.75,25.678792951290422
2024-04-01,1202.066144383571,77.50546845576292,22.75,25.985125349876267
2024-04-02,1215.9880112594767,76.9594720208341,22.75,25.81988067272682
2024-04-03,1146.5467406862765,76.69958418266982,22.75,25.74812393632626
2024-04-04,1203.6413371750612,77.29142178007173,22.75,25.695354557545407
2024-04-05,1134.9089659993767,78.51026410920704,22.75,25.66761377177857
2024-04-06,1106.0989907118537,76.73013940884582,22.75,25.81937875053198
2024-04-07,1134.2015559880754,76.1891373570985,22.75,25.618063528352312
2024-04-08,1162.3602925498699,76.53349588044642,22.75,25.845195645603802
2024-04-09,1150.7358905980675,77.52257640112671,22.75,25.723740439730893
2024-04-10,1196.3189717047132,79.44772478963468,22.75,25.744644420919677
2024-04-11,1197.1086366547993,79.7891671647708,22.75,25.749074288630553
2024-04-12,1185.1905626219823,80.27481216343529,22.75,25.797784953339562
2024-04-13,1180.5931284023213,81.35237890917821,22.75,25.98709016258189
2024-04-14,1222.0350701873708,79.85199758746461,22.75,25.762013003764192
2024-04-15,1310.0366926314698,79.48148571587808,22.75,25.75650254860791
2024-04-16,1309.4538197329994,79.23399379544361,22.75,25.75707889308592
2024-04-17,1352.8686141750406,78.65670978982777,22.75,25.69777994262862
2024-04-18,1346.3338110935206,79.4572406194579,22.75,25.696669495369797
2024-04-19,1359.7054453774736,80.65413353389607,22.75,25.818118706110596
2024-04-20,1414.6020549144496,81.2408006283868,22.75,25.753407651734975
2024-04-21,1418.3072144367584,79.74382370681327,22.75,25.933463530802953
2024-04-22,1418.7314607132976,80.78519435208844,22.75,25.94910599226452
2024-04-23,1399.0401599802667,80.6699503164069,22.75,25.716504234898665
2024-04-24,1383.2043034071298,81.4589876112143,22.75,25.87969589390265
2024-04-25,1389.6547652773063,82.02188251001368,22.75,25.927519499860555
2024-04-26,1361.27407854989,83.14751257189462,22.75,25.732161108267363
2024-04-27,1370.6961979682649,82.97112776122181,22.75,25.831044343325143
2024-04-28,1382.350379018174,85.15169681945873,22.75,25.831835072032966
2024-04-29,1393.4257444125387,84.13001029513636,22.75,25.98695958535193
2024-04-30,1462.9832879092837,84.26071995540154,22.75,25.691705111878246
2024-05-01,1466.740861792799,82.34665393967275,22.75,25.736363195216086
2024-05-02,1448.8198785935451,83.42869321939399,22.75,25.71748901177978
2024-05-03,1458.2583975488183,84.56157548041034,22.75,25.659117615918348
2024-05-04,1446.9568082806284,85.19116973931295,22.75,25.805729213270364
2024-05-05,1426.6546565431659,85.22800553174027,22.75,25.70629521428359
2024-05-06,1468.0660524452232,84.78540858673072,22.75,26.053156996091687
2024-05-07,1454.5041396637912,85.53498236866862,22.75,25.826710669428824
2024-05-08,1386.1777751017985,88.46263194841295,22.75,25.95477009509318
2024-05-09,1408.3241766437775,88.7968746868152,22.75,25.921485860431403
2024-05-10,1463.7165298057541,88.8794997232775,22.75,25.77739835814324
2024-05-11,1470.7486226901278,88.91982764538581,22.75,25.868603335366835
2024-05-12,1395.6406611228076,88.60108643783369,22.75,25.897921428178435
2024-05-13,1396.059517495106,88.00017365901716,22.75,25.904137308233334
2024-05-14,1420.17680124423,88.15207058460093,22.75,25.69035539291803
2024-05-15,1460.4731674772333,89.47882723293706,22.75,25.85942639003445
2024-05-16,1459.0167229765195,87.85989095746693,22.75,25.792005882311866
2024-05-17,1460.4448600177964,86.11541149951675,22.75,25.795317601920594
2024-05-18,1446.951467135647,86.6369094081574,22.75,25.600419487216556
2024-05-19,1465.5653296796636,88.50424986832746,22.75,25.68387393079259
2024-05-20,1517.147149255036,87.03877053082647,22.75,25.74287516307085
2024-05-21,1496.9450895862362,89.07478812154274,22.75,25.891756161559698
2024-05-22,1465.9711130389412,91.45155764374236,22.75,25.741517191506883
2024-05-23,1476.0542313866213,93.073539368217,22.75,25.77843798731901
2024-05-24,1547.4349065307094,92.3455543989132,22.75,25.91476808348673
2024-05-25,1560.3756077888017,91.5219982613815,22.75,25.83561147417753
2024-05-26,1573.7322613701883,89.88277070752513,22.75,25.937271385659788
2024-05-27,1604.5402717060467,90.49865946841913,22.75,25.861393569456112
2024-05-28,1623.8087043473192,89.75307374762608,22.75,25.578793337355897
2024-05-29,1569.9822006289103,88.07170935352859,22.75,25.867093767977273
2024-05-30,1554.5143426736881,87.28244146513696,22.75,25.96124852135063
2024-05-31,1642.618060153504,88.55859850745789,22.75,25.84025651526691
2024-06-01,1620.765330062552,87.85502647490587,22.75,34.180091854914984
2024-06-02,1674.779406345907,86.2571689963738,22.75,34.292455677624574
2024-06-03,1704.9861483168334,85.27739224229691,22.75,34.305460787202925
2024-06-04,1752.336517085402,84.76302062068535,22.75,34.28171874842548
2024-06-05,1806.630165145309,86.66562141985787,22.75,34.269879125310126
2024-06-06,1820.4461077095013,85.05238298334515,22.75,34.2175454014936
2024-06-07,1863.6775448020262,85.68724084465387,22.75,34.328822137445755
2024-06-08,1869.261366768752,84.63655945240873,22.75,34.29643715736138
2024-06-09,1885.1922470455931,83.0909104425817,22.75,34.303039946378625
2024-06-10,1842.8470384467423,84.09573290548181,22.75,34.277095960245276
2024-06-11,1860.3155880330862,82.86471695222767,22.75,34.13330269619356
2024-06-12,1885.9780803911497,82.39351913433431,22.75,34.30786738069451
2024-06-13,1808.518310812252,81.83304978404979,22.75,34.06043839048566
2024-06-14,1836.2699661592173,82.84636463381369,22.75,34.072380983131815
2024-06-15,1812.7030157695128,81.53323938232819,22.75,34.199116540725186
2024-06-16,1831.8440127744818,83.03729004225379,22.75,34.18980170429667
2024-06-17,1861.683316371184,83.57667613353362,22.75,34.31638034278222
2024-06-18,1908.50677846841,84.15033397444748,22.75,34.16827147409433
2024-06-19,1810.2095215536808,84.48880989032972,22.75,34.33346608543237
2024-06-20,1815.4023096963467,83.50237161643508,22.75,34.14728678238413
2024-06-21,1779.4913644073717,83.56595422301748,22.75,34.20029901773185
2024-06-22,1805.4597360362357,82.91406299943769,22.75,34.13482863945869
2024-06-23,1667.2707347969729,82.1218071025909,22.75,34.23781275873078
2024-06-24,1753.7941508824185,83.34333735510432,22.75,34.10445942234829
2024-06-25,1775.4247673772313,83.37644633073324,22.75,34.32212361607669
2024-06-26,1768.5852834771667,83.08693006201291,22.75,34.09158433031602
2024-06-27,1794.139239503565,83.85711546123234,22.75,34.15949303358236
2024-06-28,1764.022096903963,85.10032093911424,22.75,34.33482147100369
2024-06-29,1806.03097967655,85.19297289703069,22.75,34.236069382622006
2024-06-30,1721.0324901791012,85.23258623249336,22.75,34.41364907895958
2024-07-01,1658.6535787267173,84.85283288600593,22.75,34.221906489934504
2024-07-02,1635.7477391110465,86.17280782482771,22.75,34.165583277976104
2024-07-03,1674.6032622988648,88.21639068106064,22.75,34.237329464418
2024-07-04,1695.9324883795327,86.45657928240144,22.75,34.25435305762126
2024-07-05,1716.7436641830834,85.79121690980612,22.75,34.19098306592321
2024-07-06,1707.2630471878317,85.4052876510225,22.75,34.1864103751213
2024-07-07,1670.6789215550025,83.78041580097486,22.75,34.132693024677366
2024-07-08,1671.5170281886024,84.19272360112556,22.75,34.2385034966606
2024-07-09,1722.4175209044615,85.85688070818281,22.75,34.144161726579256
2024-07-10,1695.918807894847,85.39340843718323,22.75,34.27129267544042
2024-07-11,1714.1275240889017,85.72904210309903,22.75,34.120254968399756
2024-07-12,1755.9051506237063,86.03653598386263,22.75,34.189442180223296
2024-07-13,1719.5484021692928,85.19383971463606,22.75,34.02113346244597
2024-07-14,1696.5668827801624,84.96804795100535,22.75,34.26608760080496
2024-07-15,1643.3077707766854,84.55971434524919,22.75,34.03411837837803
2024-07-16,1654.551702686731,84.48947511550587,22.75,34.32891384311166
2024-07-17,1670.1648613596037,83.43634027460618,22.75,34.19616755967324
2024-07-18,1618.718874116087,83.22691958655074,22.75,34.19708438100634
2024-07-19,1590.2955368756816,84.24504133588327,22.75,34.230434362768584
2024-07-20,1540.2625734256317,84.60782716524763,22.75,34.386794028714085
2024-07-21,1543.8011230489478,81.14574192682777,22.75,34.146733193725055
2024-07-22,1555.5552313175733,82.57299288806792,22.75,34.30461895809689
2024-07-23,1532.3344691188709,82.20315347691508,22.75,34.10150359055613
2024-07-24,1543.5232197848195,81.94648571916402,22.75,34.237349938633386
2024-07-25,1530.385803421119,81.85126871274771,22.75,34.21993029993771
2024-07-26,1573.9196245792268,83.73200107607074,22.75,34.15128563907948
2024-07-27,1533.9001900696026,82.9274110307608,22.75,34.15491127552874
2024-07-28,1548.7146001010074,83.8064581452615,22.75,34.23662586218966
2024-07-29,1516.1823155184786,83.0137202882585,22.75,34.16270062263926
2024-07-30,1514.4578231359224,82.8490541004595,22.75,34.15802553720374
2024-07-31,1533.4799346909151,83.32694412238996,22.75,34.192370943149996
2024-08-01,1586.3724995386788,83.5122648075319,22.75,34.39799611700681
2024-08-02,1601.0394332635135,82.80619137763368,22.75,34.19669137983938
2024-08-03,1632.966100082061,81.99774682324914,22.75,34.217397910971606
2024-08-04,1614.3741080137504,80.93057041634692,22.75,34.093891596210824
2024-08-05,1570.2357454307999,81.87936454596733,22.75,34.21100467372874
2024-08-06,1515.6586169406417,82.4640051285671,22.75,34.329878634198295
2024-08-07,1482.2910921182392,81.12163113950287,22.75,34.17924190881711
2024-08-08,1377.588038007698,80.99364930030046,22.75,34.32704042282004
2024-08-09,1340.616112400108,80.76912322137417,22.75,34.34489680919106
2024-08-10,1303.4659945364729,81.0191743361248,22.75,34.21455381735955
2024-08-11,1302.9444663264983,78.56382434219798,22.75,34.15735847934971
2024-08-12,1287.767654289286,80.25332835311994,22.75,34.323760518010076
2024-08-13,1270.349004159106,81.16926952524416,22.75,34.12555345557605
2024-08-14,1326.1008872609539,82.18927852441098,22.75,34.234108483568676
2024-08-15,1273.6708265033528,82.70078658845564,22.75,34.33846132611225
2024-08-16,1252.0344326267561,83.38988291546522,22.75,33.98011427146673
2024-08-17,1231.7501426997378,80.22964291121933,22.75,34.16354079914306
2024-08-18,1193.0688623201434,79.3810229179509,22.75,34.16944119297234
2024-08-19,1212.3176564345683,79.45948647915749,22.75,34.219056334849306
2024-08-20,1245.3539175096016,79.69875446126842,22.75,34.07235815082661
2024-08-21,1246.1747124306933,79.99211198471478,22.75,34.07418694632653
2024-08-22,1321.4003001059316,81.11061353684983,22.75,34.129387416981096
2024-08-23,1379.3134311992271,83.66644146568233,22.75,34.13714171215563
2024-08-24,1396.4197375996055,80.97719230515602,22.75,34.23992937629063
2024-08-25,1334.368194309869,82.14303962891722,22.75,34.13592065642682
2024-08-26,1298.4805062773669,81.22045550707853,22.75,34.07154910692471
2024-08-27,1343.5818981609427,81.07904090528275,22.75,34.01242018590758
2024-08-28,1355.5813046315989,80.63861775689996,22.75,34.295869777991264
2024-08-29,1335.603204290158,80.72033546209747,22.75,34.284788306492864
2024-08-30,1290.9585051394984,82.70145006200273,22.75,34.2394304084943
2024-08-31,1240.6192543376853,81.69708857380343,22.75,34.381529284913405
2024-09-01,1203.4277453231712,80.58746608498679,22.75,34.18960942083879
2024-09-02,1189.8599831582053,81.12943681258405,22.75,34.02010027970775
2024-09-03,1213.0599529497545,78.91791004469819,22.75,34.119063943202455
2024-09-04,1196.9007036632138,78.52783311879472,22.75,34.0453795793663
2024-09-05,1201.7935714878245,77.90220023767942,22.75,34.099479462416234
2024-09-06,1201.4149991025927,78.01714942269716,22.75,34.27052920200855
2024-09-07,1216.1966392044149,79.4726533659029,22.75,33.900949545379
2024-09-08,1219.5076286344956,79.84631998125897,22.75,34.027178265316685
2024-09-09,1217.7382829060043,80.79352171326842,22.75,34.18494523734383
2024-09-10,1193.687561437088,81.98157266868373,22.75,34.250209999172384
2024-09-11,1184.232141224138,82.20611383350183,22.75,34.0992936571736
2024-09-12,1250.1574215945798,83.18226996815349,22.75,34.10160123669537
2024-09-13,1297.9532552281878,81.84471098909391,22.75,34.09651794201597
2024-09-14,1278.762774520273,81.15392492385004,22.75,34.02228581913069
2024-09-15,1319.8424203516718,78.06600039692354,22.75,34.12235278240149
2024-09-16,1305.138497462632,78.30540417748993,22.75,34.13567485097362
2024-09-17,1350.10526559867,75.79503990769496,22.75,34.25244359956653
2024-09-18,1333.103064688563,76.19674050264415,22.75,34.34674310075236
2024-09-19,1365.4904437940697,75.36356293345168,22.75,34.19513277514212
2024-09-20,1379.1054783682414,76.01279754212338,22.75,34.060418077634985
2024-09-21,1358.2410757286948,74.32966940446693,22.75,34.01459070471089
2024-09-22,1406.5533285135734,73.76069101612873,22.75,34.11603219758466
2024-09-23,1446.3816582361765,74.52535970551577,22.75,34.185331028919244
2024-09-24,1401.4666259375867,75.16972878442417,22.75,34.202155798155594
2024-09-25,1430.3959291648293,74.3440188986688,22.75,34.411725129676036
2024-09-26,1424.8425821032388,74.45888444862037,22.75,34.23865085400038
2024-09-27,1437.7663950304625,72.8142239745973,22.75,34.220195436174386
2024-09-28,1481.5199710293057,72.57177546185841,22.75,34.25425746193296
2024-09-29,1476.9183288726726,72.10709318011178,22.75,34.30814161470459
2024-09-30,1509.9654145090988,72.70996505941929,22.75,34.39589515251398
2024-10-01,1509.6228100574524,71.48358801438611,22.75,34.28058252441484
2024-10-02,1555.3869025947251,71.7447998997777,22.75,34.18200668274614
2024-10-03,1595.8454570323752,72.4789306044834,22.75,34.30945457426116
2024-10-04,1592.605498968311,72.54783950884759,22.75,34.13103931953521
2024-10-05,1586.2908957121476,73.97700750716483,22.75,34.184001028088204
2024-10-06,1591.2296053351731,71.56751798212994,22.75,34.279538717272025
2024-10-07,1577.714334709399,74.37714001849726,22.75,34.28477107570375
2024-10-08,1551.805334016864,73.1325619390544,22.75,34.165852035851835
2024-10-09,1493.6716164323511,74.35437086090131,22.75,34.282191481929196
2024-10-10,1409.3445636688825,74.52979763509808,22.75,34.24626374587288
2024-10-11,1420.3661079543826,74.61264983820277,22.75,33.89755776186381
2024-10-12,1413.2232821863024,75.41183358824273,22.75,33.96482327876711
2024-10-13,1377.681562779319,78.48880575041446,22.75,34.394000629704266
2024-10-14,1352.1923623054029,78.393969534982,22.75,34.25663007494694
2024-10-15,1378.0178242718187,76.40634440303309,22.75,34.06515324346992
2024-10-16,1364.3411465876509,75.36651342046362,22.75,34.33176754483641
2024-10-17,1391.191615386189,76.85745085389449,22.75,34.26715501835507
2024-10-18,1387.7269107527509,77.27521508684278,22.75,34.14023639919369
2024-10-19,1377.6011910383081,77.1203000594022,22.75,34.20672256333584
2024-10-20,1383.7169583813761,77.31351564957794,22.75,34.070081702272255
2024-10-21,1394.0134883446726,76.91546860272577,22.75,33.8876635912101
2024-10-22,1377.6322415055722,75.51977572344964,22.75,34.04218722815916
2024-10-23,1436.402082478218,74.84762439724749,22.75,34.37091438592352
2024-10-24,1395.9584824644305,74.70487110387717,22.75,34.15314336164919
2024-10-25,1430.1309577794643,73.20841559726507,22.75,34.08207017570224
2024-10-26,1430.7411813397648,74.48793095494563,22.75,34.25813102190455
2024-10-27,1444.814760003887,74.84718194575468,22.75,34.24257249726308
2024-10-28,1458.3358193756094,75.4037114871051,22.75,34.1495878571479
2024-10-29,1490.9543094168719,75.79608198071067,22.75,34.30162168437823
2024-10-30,1436.739851126956,75.8891918229559,22.75,34.213233612762956
2024-10-31,1383.9406171279456,75.99222185556646,22.75,34.35969882637219
2024-11-01,1338.0867937850803,76.7592059311038,27.5,34.267200167012696
2024-11-02,1328.2984800644185,75.19089604846151,27.5,34.13314559294958
2024-11-03,1291.036148942507,74.08455862279081,27.5,34.29383127640321
2024-11-04,1319.7723296743757,73.18028861467882,27.5,34.237169998725456
2024-11-05,1295.454163790919,75.26475751779479,27.5,34.33601510339379
2024-11-06,1283.1783184965918,74.28782729631698,27.5,34.0599297331835
2024-11-07,1301.8435625743411,73.40513940804327,27.5,34.43280455537577
2024-11-08,1317.5769943114228,74.49823458032483,27.5,34.11754688305904
2024-11-09,1354.1213323704214,75.26772428948101,27.5,34.11175564479226
2024-11-10,1402.8249638214998,74.77432372972811,27.5,34.28165104009198
2024-11-11,1419.6371029875756,75.42582516131203,27.5,34.19644087484528
2024-11-12,1453.8496420606257,74.05305874383797,27.5,34.33410112769536
2024-11-13,1441.3916570574868,74.046376717527,27.5,34.269577779182804
2024-11-14,1465.2166862595247,72.76289586950043,27.5,34.41838939502814
2024-11-15,1466.0272748117561,72.96751837966954,27.5,34.28532568196708
2024-11-16,1445.5264366507117,72.02635924601387,27.5,34.252654926574564
2024-11-17,1451.02367078217,70.58681782086983,27.5,34.045755628177915
2024-11-18,1455.177872722703,70.45105815483042,27.5,34.21269058139843
2024-11-19,1393.2923164839976,70.29366855558197,27.5,34.25297577526068
2024-11-20,1361.6784840163675,70.05431240400603,27.5,34.01257797121215
2024-11-21,1396.3328758073353,69.53467889818499,27.5,34.197658725569454
2024-11-22,1375.6652733208691,69.21329363574142,27.5,34.12143665910204
2024-11-23,1351.319062099809,69.68055032661344,27.5,34.10422669530934
2024-11-24,1313.675244365542,70.00820474931744,27.5,34.15073316456369
2024-11-25,1344.2954345493777,69.58130274356881,27.5,34.21336963418184
2024-11-26,1360.5863565334723,70.56547323709164,27.5,34.34044326934524
2024-11-27,1372.78604225692,70.85864779307296,27.5,34.2981577226708
2024-11-28,1382.7986136296918,69.71446206757767,27.5,34.27512885442831
2024-11-29,1420.40312984587,69.47276285868759,27.5,34.26259902659215
2024-11-30,1485.5958587104021,68.56349933523364,27.5,34.24307310291985
2024-12-01,1516.6468496686418,68.93179132048999,27.5,34.12921829132063
2024-12-02,1522.2794836458343,69.05088161899977,27.5,34.035754385320196
2024-12-03,1485.7312546964556,69.31352215322477,27.5,34.270499448143866
2024-12-04,1478.9797669992358,70.68274146201857,27.5,34.26613064069067
2024-12-05,1433.0420596342733,70.4785854328726,27.5,34.196332503054116
2024-12-06,1386.0915113974079,70.80974461702964,27.5,34.26005526500607
2024-12-07,1417.2946660560212,71.47233138461942,27.5,34.167741620185005
2024-12-08,1486.456609208131,71.23359638542713,27.5,34.197466056765016
2024-12-09,1446.7390979720176,71.42258276629997,27.5,34.216547632135544
2024-12-10,1445.5131883458732,71.60640832586962,27.5,34.22277429228531
2024-12-11,1425.2477657358725,70.63306072417264,27.5,34.327936521926524
2024-12-12,1395.1374123525034,70.5116886517852,27.5,34.3887202995859
2024-12-13,1384.2691627485372,69.71082094441634,27.5,34.31998695581542
2024-12-14,1336.9673806691324,70.09364327346886,27.5,34.41010628888075
2024-12-15,1350.69670416404,69.91730232081005,27.5,34.25290344556895
2024-12-16,1326.4985972419045,71.33927584907485,27.5,34.18299376573803
2024-12-17,1314.4101134199536,73.42960478349978,27.5,34.05574704755677
2024-12-18,1332.7775534516916,73.03129330077985,27.5,34.215668627108016
2024-12-19,1315.2017677479755,74.24414692849247,27.5,34.30658731944773
2024-12-20,1322.5375480040275,74.8659745182652,27.5,34.01430208010625
2024-12-21,1321.66796570569,75.56856556676462,27.5,34.18743549908425
2024-12-22,1351.1167191881268,75.23902246664207,27.5,34.178735390419334
2024-12-23,1368.7545723997466,75.20923880818476,27.5,34.07041461120727
2024-12-24,1308.122060830138,72.8581799076329,27.5,34.200650059104326
2024-12-25,1314.696223843784,72.47579929484652,27.5,34.24408154016059
2024-12-26,1266.9069217988501,73.1413043774375,27.5,34.276335500427614
2024-12-27,1260.827153274475,72.1586405873978,27.5,34.15042226840523
2024-12-28,1256.3758728236498,71.7482033327251,27.5,34.1217081311501
2024-12-29,1254.6816396622655,71.90922743651583,27.5,34.216386784836715
2024-12-30,1282.2903415222816,70.57280896280501,27.5,34.20304109812678
2024-12-31,1253.9803367476218,69.49675956487528,27.5,34.174482481043455
2025-01-01,1253.4137249757032,71.10739604601875,27.5,34.04541632060438
2025-01-02,1261.9246300211687,73.41529903876041,27.5,34.20447338777258
2025-01-03,1278.2443055619262,72.33143433419036,27.5,34.30258838271097
2025-01-04,1275.5248568098289,72.6732814871274,27.5,34.281422103111886
2025-01-05,1283.8768577846452,72.4503291126766,27.5,34.23864234386459
2025-01-06,1264.2643153672834,70.73329829227596,27.5,34.09151892847662
2025-01-07,1241.1537968498842,69.7403701471859,27.5,34.26114058076349
2025-01-08,1243.6372669831167,70.46256756419619,27.5,34.206560443737835
2025-01-09,1232.9076579160399,72.15115498862943,27.5,34.200627986671655
2025-01-10,1232.3653780258267,71.81105837946343,27.5,34.13063978974123
2025-01-11,1198.0757776396927,70.97883814448058,27.5,33.88291987433132
2025-01-12,1214.778846000916,71.18618223311992,27.5,34.24321450339
2025-01-13,1217.2123653830047,71.10192575109845,27.5,34.247467932794734
2025-01-14,1233.3751423399444,71.38317608534895,27.5,34.25805924767471
2025-01-15,1244.124062027498,70.06526441845584,27.5,34.19105823298221
2025-01-16,1237.8440387426144,70.74469367824084,27.5,34.079631574072856
2025-01-17,1241.8064018546531,71.19654809079172,27.5,34.367889923728775
2025-01-18,1251.171773493901,71.37105673088138,27.5,34.27224480627526
2025-01-19,1254.053830176055,70.46579679101494,27.5,34.23011313427071
2025-01-20,1226.9211895831966,70.18751236593509,27.5,34.27397733436518
2025-01-21,1232.4911592192987,70.46273267955377,27.5,34.306311022136065
2025-01-22,1226.707231660018,71.84085169300748,27.5,34.178995793072254
2025-01-23,1235.7271425570527,71.80709149456968,27.5,34.30011991308303
2025-01-24,1235.4934613648063,70.59962181814433,27.5,34.24636566833448
2025-01-25,1240.8728521667786,70.80599935985562,27.5,34.2858009903859
2025-01-26,1240.6540786947594,70.94564512595456,27.5,34.027796971646715
2025-01-27,1225.2682268991935,69.5639125583511,27.5,34.18502166165751
2025-01-28,1227.7859340162565,70.55239013885388,27.5,34.40314492542365
2025-01-29,1235.1822500643918,69.6581004508262,27.5,34.286158008695914
2025-01-30,1230.4642265432778,69.27469799291654,27.5,34.065050119894124
2025-01-31,1236.8927973895293,69.00447168870544,27.5,34.16970414047223
2025-02-01,1224.0650679249989,70.56452756170879,27.5,34.15287356463685
2025-02-02,1222.0520063738509,70.53235304195141,27.5,34.244551081864664
2025-02-03,1241.8619318621525,70.74271904983891,27.5,34.33766798066658
2025-02-04,1275.7301085325782,70.51290398365718,27.5,34.233574451959534
2025-02-05,1275.501344966953,71.93743549115786,27.5,33.9606266192484
2025-02-06,1298.0078472204316,71.14346560317748,27.5,34.063258545490136
2025-02-07,1277.834255076958,71.45870744785132,27.5,34.133763568666275
2025-02-08,1285.8780263188269,71.57844908017995,27.5,34.20136936037465
2025-02-09,1307.8310188604344,71.84206380307977,27.5,34.24719687639869
2025-02-10,1292.2579734679387,72.65619238876398,27.5,34.07819211425353
2025-02-11,1269.251312777453,73.94240973084351,27.5,34.257988098039455
2025-02-12,1276.3819131838725,72.86353346407459,27.5,34.37806581907414
2025-02-13,1265.757540425682,73.091606047896,27.5,34.210195581874274
2025-02-14,1310.0069547555854,72.14006549842355,27.5,34.17937481511997
2025-02-15,1297.1434463813143,73.94659857117611,27.5,34.13450491396107
2025-02-16,1334.4547973486196,73.47174073796218,27.5,34.16013806348958
2025-02-17,1342.8770110851497,74.81191358531065,27.5,34.2904842664371
2025-02-18,1342.0109479399068,74.78955646467332,27.5,34.15839481021655
2025-02-19,1337.3974923380356,76.28596154182978,27.5,34.23678844658056
2025-02-20,1317.4699388107406,76.32192384396085,27.5,34.161068093837976
2025-02-21,1296.5259515460912,75.47149829088956,27.5,34.19083001670127
2025-02-22,1282.7100870393604,74.41504736498044,27.5,34.283927149394266
2025-02-23,1275.5135498029128,74.30082363042011,27.5,34.389453089333934
2025-02-24,1276.5218691771438,73.4813469974409,27.5,34.17863263107223
2025-02-25,1283.6256989683986,73.45400770017814,27.5,34.113274225320026
2025-02-26,1299.830170214505,72.98672390484805,27.5,33.96177484462257
2025-02-27,1319.875356961548,73.48128518681837,27.5,34.32556468000359
2025-02-28,1334.5564817257018,73.26330493098283,27.5,34.273838322972516
2025-03-01,1357.3912792130475,74.55468327702819,27.5,34.204293452434655
2025-03-02,1384.9650393644192,75.29100626580568,27.5,34.258110226907625
2025-03-03,1407.136789670892,74.95770616547432,27.5,34.22524333092435
2025-03-04,1418.0698359554383,76.27632686825814,27.5,34.22978115423489
2025-03-05,1415.3042100299708,76.51721324333374,27.5,34.260070276537235
2025-03-06,1411.0282190675941,77.70813755750827,27.5,34.21045945513088
2025-03-07,1401.9875297221513,77.09085815807107,27.5,34.20040783609449
2025-03-08,1440.740300458279,77.52853594673596,27.5,34.23840617394159
2025-03-09,1468.3174173431748,77.60086146640747,27.5,34.34512804956387
2025-03-10,1513.0122690371948,76.52750770953084,27.5,34.33607739583419
2025-03-11,1497.1376415156215,75.52649417421944,27.5,34.12486839392985
2025-03-12,1498.247715856665,75.69300289099296,27.5,34.06787718973047
2025-03-13,1480.9922220353228,75.59803742937444,27.5,34.25904989221451
2025-03-14,1501.8511062417401,76.22405531099216,27.5,34.26417343190012
2025-03-15,1535.9422571201756,75.57324529723091,27.5,34.34312462596697
2025-03-16,1528.5404854852065,75.7520021065242,27.5,34.40690959929016
2025-03-17,1503.081515381228,76.32922086453812,27.5,34.26951253186153
2025-03-18,1486.6265990669822,75.3840914577425,27.5,34.2998116273728
2025-03-19,1503.803021748695,74.58913727715783,27.5,34.27683724261974
2025-03-20,1491.5690218513073,74.35795839636637,27.5,34.34769284855631
2025-03-21,1515.857767648085,73.50620655892635,27.5,34.25264000199671
2025-03-22,1518.107312548974,73.78696871041862,27.5,34.08730099573978
2025-03-23,1492.0794507681005,73.34042279805973,27.5,34.09702023493497
2025-03-24,1495.5081526157476,72.88282137490818,27.5,34.09175108877853
2025-03-25,1540.511541339356,71.93387539998072,27.5,34.105353530211296
2025-03-26,1550.613914255283,71.9164517134318,27.5,34.099789245476614
2025-03-27,1555.547354970304,71.79693639945265,27.5,34.21617225699346
2025-03-28,1564.3726154770131,71.96828323679465,27.5,34.12522088851952
2025-03-29,1552.7198510694805,71.41447010023921,27.5,34.23614712557945
2025-03-30,1535.425768035202,72.23011049507413,27.5,34.19821671414691
2025-03-31,1541.7269478887229,72.45641176915638,27.5,34.13855785281475
2025-04-01,1545.3548059140046,72.8114470143656,27.5,34.1478360210026
2025-04-02,1549.970340150694,73.07828740058393,27.5,34.25889017916852
2025-04-03,1551.7963235445297,71.60325393221885,27.5,34.121380495108234
2025-04-04,1568.281955515226,69.96371695980001,27.5,34.065162908800346
2025-04-05,1547.751261419377,70.14386126749767,27.5,34.115449684389745
2025-04-06,1550.860572204018,68.35929460647463,27.5,34.28753675464426
2025-04-07,1549.5912335447306,67.88311907365637,27.5,34.16534374428638
2025-04-08,1564.0583718838632,68.34028435446204,27.5,34.266988386510874
2025-04-09,1571.2709148118406,67.92479781972784,27.5,34.27509135287661
2025-04-10,1572.3349972923181,67.93796711112128,27.5,34.22150787805747
2025-04-11,1585.5643705897096,68.45286111114692,27.5,34.12598788767357
2025-04-12,1599.2827466422095,68.86683035255581,27.5,34.2023381509539
2025-04-13,1611.843755868239,68.80504433493672,27.5,34.222059854216845
2025-04-14,1604.070123615857,68.87393763284366,27.5,34.243594678096336
2025-04-15,1603.8861755414127,69.18295329488551,27.5,34.13812874077759
2025-04-16,1603.6976968408032,68.92067057902047,27.5,34.17546774102899
2025-04-17,1643.1681748165092,69.12941926894669,27.5,34.18619781347557
2025-04-18,1641.2853819769718,69.56996841166382,27.5,34.21346242328719
2025-04-19,1646.9933095568551,69.59376649080336,27.5,33.91241265596223
2025-04-20,1676.5028992468917,69.12598007244264,27.5,34.311394507687616
2025-04-21,1681.7157838925418,69.278656624358,27.5,34.21154089902747
2025-04-22,1697.8917130847785,68.6932088548663,27.5,34.19528539961512
2025-04-23,1660.9805511780164,69.00179779387331,27.5,34.170672275876804
2025-04-24,1650.4332531713746,69.14444202208921,27.5,34.37654676596536
2025-04-25,1659.9352012094726,68.9916814486316,27.5,33.94696494852324
2025-04-26,1632.5321578231537,69.32023541853073,27.5,34.16127321868996
2025-04-27,1613.662705672002,69.49141338888967,27.5,34.168249460559394
2025-04-28,1578.2562842998336,69.74533270554896,27.5,34.14309599565029
2025-04-29,1613.1405705673972,69.39400692335784,27.5,34.183154134957086
2025-04-30,1607.4287916616959,71.17112734022088,27.5,34.227102467348544
2025-05-01,1592.5802524323558,71.33731045052421,27.5,34.23934413394178
2025-05-02,1598.5354055920932,71.66393237512254,27.5,34.23412019087188
2025-05-03,1600.0871754891004,73.85131291040669,27.5,34.12521039821389
2025-05-04,1568.458784459521,74.07564346647581,27.5,34.120584512693014
2025-05-05,1584.9342154491464,74.94435158683598,27.5,34.18052139246336
2025-05-06,1579.3194733783077,74.40528102066472,27.5,34.239401198512894
2025-05-07,1579.7174113933545,75.48936574582123,27.5,34.42376891084606
2025-05-08,1560.7608697555681,75.17896421571805,27.5,34.2474039742448
2025-05-09,1549.31156129559,75.59705317310578,27.5,34.058405041166395
2025-05-10,1536.585697471353,75.3377856990709,27.5,34.1755042017311
2025-05-11,1547.491805498727,75.96005042335776,27.5,34.17097013032257
2025-05-12,1576.1218375632423,77.27710507588687,27.5,34.082293978373926
2025-05-13,1576.675357252609,77.2441181758666,27.5,34.225348656004456
2025-05-14,1566.247212688027,77.07312765462825,27.5,34.174360948387594
2025-05-15,1578.9727897983214,77.72250984586304,27.5,34.120916354706786
2025-05-16,1516.534477941417,77.81785280945317,27.5,34.27853841232759
2025-05-17,1505.4567811897605,78.11174154158901,27.5,34.18639546551318
2025-05-18,1523.7090542898372,78.05285902088497,27.5,34.17217926191223
2025-05-19,1515.2489544656503,78.14087478850702,27.5,34.30287279297987
2025-05-20,1520.4033658604187,79.32513292162699,27.5,34.24243514368011
2025-05-21,1533.6476627444722,81.19365825463866,27.5,34.22429380130631
2025-05-22,1502.9742861673042,82.70566468618858,27.5,34.12870267173905
2025-05-23,1509.5731115467952,82.90639010491745,27.5,34.16629816303896
2025-05-24,1527.2798098555313,81.81442196302415,27.5,34.10732203482234
2025-05-25,1533.195151676509,81.22694469182434,27.5,34.155057598153604
2025-05-26,1523.4848633867873,80.79677903281437,27.5,34.25990394172753
2025-05-27,1551.4940326840892,79.93991607685521,27.5,34.391553216132436
2025-05-28,1544.0968945840332,78.88773833967241,27.5,34.221165569949356
2025-05-29,1517.9133435123274,77.38783070245053,27.5,34.158223003859234
2025-05-30,1505.810744188535,76.00337504814703,27.5,34.15118126123009
2025-05-31,1482.9839200559038,76.03783226502196,27.5,34.16221849939597
2025-06-01,1494.1510965600705,75.45793663708073,27.5,21.926186201998824
2025-06-02,1505.4815333422455,75.01301426198377,27.5,22.019818624036002
2025-06-03,1499.1274827885304,74.77098155696908,27.5,21.931330992359317
2025-06-04,1497.8766496074338,76.25561252514011,27.5,21.966265288509184
2025-06-05,1485.7755053780936,76.98979238283003,27.5,22.051126288668055
2025-06-06,1511.3012637575387,75.90713548965071,27.5,22.12127571036709
2025-06-07,1507.2224805498738,75.90194082971585,27.5,22.040357133380123
2025-06-08,1516.3111313232516,73.93962084350353,27.5,22.032104398714694
2025-06-09,1527.4134488998307,75.00221023285586,27.5,22.076624140515243
2025-06-10,1526.5778667921716,75.58082323160393,27.5,22.076534107102248
2025-06-11,1515.3205019437833,75.54626994853137,27.5,21.869261941213157
2025-06-12,1527.9368006627085,75.9356100061872,27.5,22.03439593472805
2025-06-13,1533.6357041823308,77.1366215708719,27.5,22.050255201656043
2025-06-14,1528.6928525421922,76.4644026090177,27.5,22.126056527187544
2025-06-15,1527.7733303433429,75.99883337971582,27.5,21.926961032706174
2025-06-16,1535.0415992110172,75.693027316565,27.5,21.932406278038176
2025-06-17,1543.6176374528202,76.9747605365136,27.5,21.911921633317537
2025-06-18,1513.3440810546451,77.02922250632996,27.5,22.017256185973313
2025-06-19,1538.591580380072,77.36205381893762,27.5,21.88717182257893
2025-06-20,1531.813014655507,77.6459709845681,27.5,21.998019474460833
2025-06-21,1520.5034848800549,77.54572191619985,27.5,22.16666301943775
2025-06-22,1476.3376425012775,76.33843960142812,27.5,22.13718841570799
2025-06-23,1494.2257565058683,75.4910352115183,27.5,21.954703408881777
2025-06-24,1498.8889427055171,75.68086058614747,27.5,21.88523035961817
2025-06-25,1494.946081561981,75.33857866917971,27.5,21.86749396770568
2025-06-26,1507.2648523796895,75.67622090427135,27.5,22.00697684967152
2025-06-27,1503.5476851987532,76.27316907938891,27.5,21.793283609136083
2025-06-28,1452.8370877357104,76.56492358842165,27.5,21.92696038147012
2025-06-29,1459.625610364252,76.46582150163509,27.5,22.086472458027668
2025-06-30,1449.1012985511054,78.06636181043135,27.5,21.886511064868294
2025-07-01,1463.98042356216,77.46828867765684,27.5,21.965823232748967
2025-07-02,1449.1603299950157,76.76422408404059,27.5,22.38629503215774
2025-07-03,1435.1897582604356,76.93602684245671,27.5,21.945469116169754
2025-07-04,1402.2142790375199,76.84744357137053,27.5,22.08986080474639
2025-07-05,1405.4009744362988,76.16277754835389,27.5,21.750251684884496
2025-07-06,1401.827577763441,76.5811691674723,27.5,21.875809808108272
2025-07-07,1369.261643434891,76.50576294154581,27.5,22.079253733129836
2025-07-08,1346.055724932669,75.99623018527961,27.5,21.952981674167738
2025-07-09,1359.8766781675863,74.97442520653281,27.5,22.107592265806637
2025-07-10,1352.2534302396825,76.39178835158039,27.5,22.124125595247403
2025-07-11,1362.3933888779125,76.2603175750282,27.5,22.05390689416565
2025-07-12,1362.266869490706,75.76741148152531,27.5,22.031535921477275
2025-07-13,1372.4530469528174,76.12878838187095,27.5,22.111900898227468
2025-07-14,1394.2620480317769,74.64757497915005,27.5,22.15559299271208
2025-07-15,1424.497153223648,73.84429879867612,27.5,21.871638777456972
2025-07-16,1453.5578670583382,72.84989875684353,27.5,21.851396503475396
2025-07-17,1437.820838673759,73.19390704576469,27.5,21.99260590173287
2025-07-18,1422.8607631758923,73.36884331494679,27.5,21.88620906792471
2025-07-19,1424.2308133982804,73.98775301645394,27.5,21.954481040045636
2025-07-20,1408.4901647000377,73.77197949061154,27.5,21.878980741017003
2025-07-21,1405.5524024283486,72.76614042063963,27.5,22.1413481358514
2025-07-22,1420.8882387414778,73.06317575529786,27.5,21.931952037103112
2025-07-23,1447.4910328332098,72.23244520174305,27.5,22.04003132731433
2025-07-24,1435.7786765216194,72.86374803584793,27.5,21.854101584352517
2025-07-25,1416.6286970983015,72.53658278863541,27.5,22.08879347170318
2025-07-26,1400.5223975251058,71.36431884139269,27.5,21.92587269648395
2025-07-27,1388.8536052431266,71.01454128410558,27.5,22.130458840977465
2025-07-28,1399.5317367165826,70.48279288639043,27.5,21.823472371980216
2025-07-29,1413.7431381031845,70.53276118799023,27.5,22.03030606733689
2025-07-30,1419.2013598932108,69.78390834327989,27.5,21.99999121360758
2025-07-31,1407.6031840775297,70.66846703203761,27.5,21.865528526304413
2025-08-01,1403.9632160176222,72.1295876893671,27.5,21.894910912766132
2025-08-02,1429.7462890985378,71.56055394565155,27.5,22.017386050539027
2025-08-03,1444.6730312668512,70.798892062597,27.5,22.030325063767062
2025-08-04,1446.9790011742705,69.99632947887096,27.5,22.058966135106655
2025-08-05,1425.5813057128016,70.39048230689744,27.5,21.792924658630696
2025-08-06,1416.8283341718818,70.22117905072348,27.5,21.86746928426962
2025-08-07,1410.0197625195442,69.1779521927326,27.5,22.124464032387806
2025-08-08,1412.329042497787,69.90722611205746,27.5,21.879656631470358
2025-08-09,1428.1687137299791,70.27691242608468,27.5,22.00906667820009
2025-08-10,1410.1315754792622,71.22138592196725,27.5,22.019078261644623
2025-08-11,1427.0539634642826,71.2559019810774,27.5,21.961985293072534
2025-08-12,1422.7694600099137,71.78049345752446,27.5,22.05839458209114
2025-08-13,1417.325282958206,72.62589649121432,27.5,21.99509744044884
2025-08-14,1410.776427368821,72.77528303342586,27.5,21.92834737306151
2025-08-15,1427.748331457648,72.73048011470341,27.5,21.9772704063395
2025-08-16,1410.3794665429937,73.30605808753212,27.5,22.088129478969314
2025-08-17,1431.4973235776094,74.5649818630044,27.5,21.92568358895118
2025-08-18,1405.7177424255897,75.25862541635234,27.5,21.815566458233704
2025-08-19,1376.9961022340815,74.6897774384301,27.5,22.069986784008236
2025-08-20,1370.3574354346028,75.40706200220205,27.5,21.84333546222358
2025-08-21,1380.07922576025,75.45872479199365,27.5,22.02316092917697
2025-08-22,1381.0932158770745,74.06181349252337,27.5,22.065735394540667
2025-08-23,1409.7859529905154,73.01734616550898,27.5,22.02105063789944
2025-08-24,1397.6142809492567,71.39565130742764,27.5,22.10564588693197
2025-08-25,1405.6362893145154,73.22367017167191,27.5,22.068497543192596
2025-08-26,1417.9125232244278,73.82930385810675,27.5,21.86711375295019
2025-08-27,1395.5752751161103,73.50420980166002,27.5,21.925917837673445
2025-08-28,1400.9971269958085,73.55572131720899,27.5,22.035386427603246
2025-08-29,1395.208211806498,73.23696219630123,27.5,21.87742535481745
2025-08-30,1383.1005598041847,72.89272417030523,27.5,22.074033431879567
2025-08-31,1371.2606366916143,73.50765343042845,27.5,21.921381484531807
2025-09-01,1421.2821500089337,72.44195991371137,27.5,22.158093148595253
2025-09-02,1416.469930772867,73.45703105335357,27.5,21.854429637990872
2025-09-03,1405.2338002038614,74.41006591533889,27.5,21.999814077234767
2025-09-04,1426.155354482924,74.71352571881579,27.5,21.886104751475965
2025-09-05,1431.2987088345296,74.72588854438777,27.5,21.97758269780846
2025-09-06,1410.6525058811137,73.23541168320425,27.5,22.029003587244087
2025-09-07,1420.792540939333,73.62419485410663,27.5,21.943103665159278
2025-09-08,1406.546523542832,73.53773763232371,27.5,22.0757181099479
2025-09-09,1376.6206924911496,73.09856195995302,27.5,21.980320411739847
2025-09-10,1403.9966898956668,73.49367779998161,27.5,22.21323518911043
2025-09-11,1404.775794108423,73.63142757910748,27.5,21.909579785860657
2025-09-12,1401.2609536866817,72.41370463720958,27.5,21.986648802587254
2025-09-13,1401.00332042875,73.76355409675847,27.5,22.047259798422626
2025-09-14,1373.7430466712813,74.66780990041755,27.5,21.90122656943931
2025-09-15,1388.9258116882584,76.29942590356028,27.5,21.95473167703564
2025-09-16,1404.653515964802,77.29644306633197,27.5,22.035318279563405
2025-09-17,1402.5069331721852,78.74945036986414,27.5,21.89857899956671
2025-09-18,1406.9524829487307,78.75594569857107,27.5,21.99646129054385
2025-09-19,1398.6453612601902,79.51036430319742,27.5,21.888810229793247
2025-09-20,1422.4166335111836,78.81576904951297,27.5,22.254511468652524
2025-09-21,1429.130903453691,79.29883009751451,27.5,21.930828340132198
2025-09-22,1428.1761042191586,78.24369243800876,27.5,22.06299939130082
2025-09-23,1423.0086430058764,77.56141934769943,27.5,21.920907861762192
2025-09-24,1439.2305569666805,76.78998605037154,27.5,22.007377884551563
2025-09-25,1458.5609566132264,75.4991477889763,27.5,22.01548379677569
2025-09-26,1452.1574391258057,75.40502727496641,27.5,22.068989501048527
2025-09-27,1448.6739688651808,73.5863727897059,27.5,21.970978927649924
2025-09-28,1452.9539011481277,73.86713788333064,27.5,21.846842555504846
2025-09-29,1464.7069118193174,73.86351653421525,27.5,21.7338144350339
2025-09-30,1465.3563160844872,72.63522788962369,27.5,21.82451844247672
2025-10-01,1487.536400148884,71.47354296490906,27.5,21.87398099232963
2025-10-02,1517.834104989856,70.47755824138059,27.5,21.914520200145205
2025-10-03,1536.3637419289091,69.79269829122396,27.5,22.209274149027173
2025-10-04,1517.2268261114525,70.85107753713511,27.5,22.0897217017729
2025-10-05,1489.2516682936855,70.94781307128348,27.5,21.890492149612644
2025-10-06,1474.030220087694,71.30392513718012,27.5,21.91994400767335
2025-10-07,1472.9541978778088,70.39648326386283,27.5,22.170367069912384
2025-10-08,1450.0006956628824,69.45349144864943,27.5,22.081850698849433
2025-10-09,1460.8679444130223,70.38061325920506,27.5,21.96640343264957
2025-10-10,1486.88974417682,70.89265078140212,27.5,21.84996891732373
2025-10-11,1478.9030548848814,70.52423872724005,27.5,21.999212842784228
2025-10-12,1471.8453642723512,72.6647227783194,27.5,21.931302207832072
2025-10-13,1448.9896089610825,71.16184950171424,27.5,21.848708240985335
2025-10-14,1457.74772407856,71.4992790783949,27.5,22.04957446425911
2025-10-15,1440.0727367109532,72.36270938515241,27.5,22.125692325900165
2025-10-16,1419.3662677704885,72.45598428205837,27.5,22.104906274545684
2025-10-17,1414.9651451281795,72.0388532894729,27.5,21.811774583521856
2025-10-18,1416.2986126414341,71.39521573308478,27.5,22.180709067943017
2025-10-19,1393.3583429853811,70.80493718326653,27.5,21.922767616053097
2025-10-20,1343.8248567818262,70.91969591660101,27.5,22.015545826312266
2025-10-21,1359.495457930115,69.7418279272203,27.5,22.14087670663976
2025-10-22,1377.2250297112846,69.53002849542952,27.5,21.903376008434382
2025-10-23,1352.3688781604126,69.82502554631044,27.5,21.95526362416771
2025-10-24,1367.796527857692,68.94117095705501,27.5,22.056524577758925
2025-10-25,1400.0892215331933,69.8954613967719,27.5,22.031184440327742
2025-10-26,1407.6224813653093,68.08103805930995,27.5,21.912179501278914
2025-10-27,1416.5231597750421,69.43345393087682,27.5,22.111640638054595
2025-10-28,1382.7732860312788,69.31920153817353,27.5,22.192776153759787
2025-10-29,1361.1252929119798,69.78835883044523,27.5,22.088331619745336
2025-10-30,1403.8999491551951,68.46431255372178,27.5,21.96842484005494
2025-10-31,1392.7897918330148,66.71110981285868,27.5,21.85454514096059
2025-11-01,1371.1972607722091,66.46252303931712,27.5,21.979702069574422
2025-11-02,1375.3483106873452,66.61381005281322,27.5,21.952918832013466
2025-11-03,1376.32199980694,66.32090446771971,27.5,22.044856536565767
2025-11-04,1357.7902864879172,65.97738330699269,27.5,21.866127451104674
2025-11-05,1358.0730452114678,66.23191081237907,27.5,21.94964163284909
2025-11-06,1352.634584217893,67.07216030414631,27.5,21.991581771594888
2025-11-07,1328.2662196015979,66.8583809632404,27.5,22.103522826432314
2025-11-08,1316.8193768042865,66.4614409402667,27.5,22.018270164894204
2025-11-09,1321.6264713904336,66.44007818653817,27.5,22.05376235397006
2025-11-10,1341.07100523917,66.6678792971261,27.5,21.97763466222633
2025-11-11,1347.3259488398476,68.36714044757298,27.5,22.002968722150822
2025-11-12,1346.3209342676853,68.65654581513,27.5,22.104981680626974
2025-11-13,1364.2151016960813,67.56012053181918,27.5,21.946965399091763
2025-11-14,1348.1556086427297,68.52318528777995,27.5,22.016286670283755
2025-11-15,1347.9934502238718,68.66865528711723,27.5,21.907740773015465
2025-11-16,1348.7560350229674,68.36185747578266,27.5,21.922206693475108
2025-11-17,1330.6935513361705,68.04552647070372,27.5,22.061293876416798
2025-11-18,1337.2220208253027,67.59048499480963,27.5,21.985374155205644
2025-11-19,1335.7282339950661,67.79993826568429,27.5,22.03411646355679
2025-11-20,1366.2583821509884,69.24520193260605,27.5,21.90459013782433
2025-11-21,1385.8623696120678,69.54066147431642,27.5,22.059568658556632
2025-11-22,1381.890555177587,69.19868907555629,27.5,22.135670125097153
2025-11-23,1394.0798412798974,69.22679079603883,27.5,21.981718633657497
2025-11-24,1389.5101947160356,69.41742835208812,27.5,21.822128965518505
2025-11-25,1388.2788071974621,69.95088873015744,27.5,21.95083366183442
2025-11-26,1401.2702989387822,70.63549665114928,27.5,22.11550992749083
2025-11-27,1404.4647600800652,71.10539997701898,27.5,22.029848428977918
2025-11-28,1385.9140142943556,71.08399021047794,27.5,22.029107270906312
2025-11-29,1425.050814820151,71.11236994720188,27.5,22.148362873983068
2025-11-30,1422.8275608236165,71.00232965405372,27.5,21.98648466954563
2025-12-01,1437.0352049647709,70.4689751272338,27.5,22.111912010427872
2025-12-02,1439.0082379820763,69.25622558650055,27.5,21.889216740433763
2025-12-03,1454.1914430530185,70.26373921729422,27.5,22.01625942101601
2025-12-04,1477.3353298421089,70.1377243695533,27.5,21.93532390692393
2025-12-05,1470.4761427416236,70.13990564287108,27.5,21.93535553119625
2025-12-06,1452.4817034199114,70.80514122964988,27.5,21.85622935496729
2025-12-07,1460.0156110803846,70.89410842517138,27.5,21.994259781630884
2025-12-08,1461.4969366125779,72.27806036616983,27.5,21.86046740389791
2025-12-09,1448.8501452265732,72.8787193985759,27.5,22.02077284422939
2025-12-10,1436.2964245611506,71.4683016201219,27.5,22.045775610143572
2025-12-11,1474.7314894134724,71.67895902250307,27.5,21.974505359340164
2025-12-12,1479.7233950034965,72.15079547976534,27.5,22.087289486837687
2025-12-13,1491.6147384416245,71.99806241331719,27.5,22.02575763346568
2025-12-14,1494.7705312540302,72.41754445584078,27.5,21.956533782189105
2025-12-15,1486.853246869204,73.13960951119718,27.5,22.05899731035664
2025-12-16,1483.2251498802643,72.8889107880096,27.5,22.11678366151443
2025-12-17,1470.5917729800788,72.655424544159,27.5,22.205202911057086
2025-12-18,1440.0307884154115,72.31512934762422,27.5,21.83613424026305
2025-12-19,1412.7350419166821,73.09163847427814,27.5,22.020801076939552
2025-12-20,1443.3228079397882,72.80197505106803,27.5,21.986690719241903
2025-12-21,1428.5649007687887,72.49234613112178,27.5,22.100255632412555
2025-12-22,1431.4935073554147,72.5957142945384,27.5,21.91985941548754
2025-12-23,1461.3172227941986,71.56387708350633,27.5,21.85224906707497
2025-12-24,1445.1927658154393,71.18293379042665,27.5,21.959834707371236
2025-12-25,1459.945707822925,70.87806144461268,27.5,22.15619603226108
2025-12-26,1469.5989752686914,71.86158604365416,27.5,22.03437879201409
2025-12-27,1464.424571359007,72.03905763001467,27.5,21.855725777245272
2025-12-28,1469.678995382847,74.0185454967504,27.5,21.85902931017917
2025-12-29,1485.102794387586,73.69207261202797,27.5,21.961035470387227
2025-12-30,1498.9934699234961,73.2449805999658,27.5,21.993565641577064
2025-12-31,1494.7151113480468,73.09432124531524,27.5,22.093944883507017
