feature,te_score,mi_score,p_value
usdngn_ma5,0.06434128162921707,3.5837432675043672,0.0
cpi,0.060887243358722025,2.0147403386536427,0.0
usdngn_ma20,0.06034389209126495,3.576766097942196,0.0
mpr,0.04904770597304248,2.156036719877958,0.0
brent_oil,0.038754428009165204,1.986127749218225,0.0
rate_oil_ratio,0.03381621936594535,1.8647723823503126,0.0
usdngn_volatility,0.010878810157615545,0.8181676459668212,0.0
mpr_change,0.0068349946812142235,0.04125889343159184,0.0
oil_return,0.004503373149634278,0.0,0.15
